﻿<?xml version="1.0" encoding="utf-8" ?>
<Result>
<PyjcResult><Record Market="16()" Name="上海证券交易所">
<PY>1A0001|上证指数|SZZS|16</PY>
<PY>1A0002|Ａ股指数|AGZS|16</PY>
<PY>1A0003|Ｂ股指数|BGZS|16</PY>
<PY>1B0001|工业指数|GYZS|16</PY>
<PY>1B0002|商业指数|SYZS|16</PY>
<PY>1B0004|地产指数|DCZS|16</PY>
<PY>1B0005|公用指数|GYZS|16</PY>
<PY>1B0006|综合指数|ZHZS|16</PY>
<PY>1B0007|上证180|SZ180|16</PY>
<PY>1B0008|基金指数|JJZS|16</PY>
<PY>1B0009|上证380|SZ380|16</PY>
<PY>1B0012|国债指数|GZZS|16</PY>
<PY>1B0013|企债指数|QZZS|16</PY>
<PY>1B0015|红利指数|HLZS|16</PY>
<PY>1B0016|上证50|SZ50|16</PY>
<PY>1B0017|新综指|XZZ|16</PY>
<PY>1B0018|180金融|180JR|16</PY>
<PY>1B0019|治理指数|ZLZS|16</PY>
<PY>1B0020|中型综指|ZXZZ|16</PY>
<PY>1B0021|180治理|180ZL|16</PY>
<PY>1B0022|沪公司债|HGSZ|16</PY>
<PY>1B0023|沪分离债|HFLZ|16</PY>
<PY>1B0025|180基建|180JJ|16</PY>
<PY>1B0026|180资源|180ZY|16</PY>
<PY>1B0027|180运输|180YS|16</PY>
<PY>1B0028|180成长|180CC|16</PY>
<PY>1B0028|180成长|180CZ|16</PY>
<PY>1B0029|180价值|180JZ|16</PY>
<PY>1B0030|180R成长|180RCC|16</PY>
<PY>1B0030|180R成长|180RCZ|16</PY>
<PY>1B0031|180R价值|180RJZ|16</PY>
<PY>1B0032|上证能源|SZNY|16</PY>
<PY>1B0033|上证材料|SZCL|16</PY>
<PY>1B0034|上证工业|SZGY|16</PY>
<PY>1B0035|上证可选|SZKX|16</PY>
<PY>1B0036|上证消费|SZXF|16</PY>
<PY>1B0037|上证医药|SZYY|16</PY>
<PY>1B0038|上证金融|SZJR|16</PY>
<PY>1B0039|上证信息|SZXX|16</PY>
<PY>1B0040|上证电信|SZDX|16</PY>
<PY>1B0041|上证公用|SZGY|16</PY>
<PY>1B0042|上证央企|SZYQ|16</PY>
<PY>1B0043|超大盘|CDP|16</PY>
<PY>1B0044|上证中盘|SZZP|16</PY>
<PY>1B0045|上证小盘|SZXP|16</PY>
<PY>1B0046|上证中小|SZZX|16</PY>
<PY>1B0047|上证全指|SZQZ|16</PY>
<PY>1B0048|责任指数|ZRZS|16</PY>
<PY>1B0049|上证民企|SZMQ|16</PY>
<PY>1B0050|50等权|50DQ|16</PY>
<PY>1B0051|180等权|180DQ|16</PY>
<PY>1B0052|50基本|50JB|16</PY>
<PY>1B0053|180基本|180JB|16</PY>
<PY>1B0844|300稳定|300WD|16</PY>
<PY>1B0846|ESG&#032;100|ESG100|16</PY>
<PY>1B0847|中证腾安|ZZTA|16</PY>
<PY>1B0849|300非银|300FY|16</PY>
<PY>103731|14朝建质|14CJZ|19</PY>
<PY>103731|14朝建质|14ZJZ|19</PY>
<PY>103732|14渝高质|14YGZ|19</PY>
<PY>103733|14开发质|14KFZ|19</PY>
<PY>103734|13随质02|13SZ02|19</PY>
<PY>103735|14合建质|14HJZ|19</PY>
<PY>103736|14柳龙质|14LLZ|19</PY>
<PY>103737|14虞交质|14YJZ|19</PY>
<PY>103738|14安发质|14AFZ|19</PY>
<PY>103739|14西塞质|14XSZ|19</PY>
<PY>103740|14青经质|14QJZ|19</PY>
<PY>103741|14辽鑫质|14LXZ|19</PY>
<PY>103742|14贵质02|14GZ02|19</PY>
<PY>103743|14银城质|14YCZ|19</PY>
<PY>103744|14萧经质|14XJZ|19</PY>
<PY>103745|14武安质|14WAZ|19</PY>
<PY>103746|14贺城质|14HCZ|19</PY>
<PY>103747|14太仓质|14TCZ|19</PY>
<PY>103748|14铜示质|14TSZ|19</PY>
<PY>103749|14仁城质|14RCZ|19</PY>
<PY>103750|14宜春质|14YCZ|19</PY>
<PY>103751|14徐高质|14XGZ|19</PY>
<PY>103752|14文金质|14WJZ|19</PY>
<PY>103753|14控质01|14KZ01|19</PY>
<PY>103754|14荥城质|14XCZ|19</PY>
<PY>103755|14合工质|14HGZ|19</PY>
<PY>103756|14紫质01|14ZZ01|19</PY>
<PY>103757|14城质01|14CZ01|19</PY>
<PY>103758|14吉安质|14JAZ|19</PY>
<PY>103759|14威新质|14WXZ|19</PY>
<PY>103760|14余城质|14YCZ|19</PY>
<PY>103761|14深业质|14SYZ|19</PY>
<PY>103763|14昆交质|14KJZ|19</PY>
<PY>103764|14蔡家质|14CJZ|19</PY>
<PY>103765|14醴质01|14LZ01|19</PY>
<PY>103766|14景洪质|14JHZ|19</PY>
<PY>103767|14郑二质|14ZEZ|19</PY>
<PY>103768|14云城质|14YCZ|19</PY>
<PY>103769|14力质01|14LZ01|19</PY>
<PY>103770|14力质02|14LZ02|19</PY>
<PY>103771|14亳建质|14BJZ|19</PY>
<PY>103773|14温质02|14WZ02|19</PY>
<PY>103774|14通辽质|14TLZ|19</PY>
<PY>103775|14新余质|14XYZ|19</PY>
<PY>103776|14绿地质|14LDZ|19</PY>
<PY>103777|14茂交质|14MJZ|19</PY>
<PY>103778|14蔡甸质|14CDZ|19</PY>
<PY>103779|14银开质|14YKZ|19</PY>
<PY>103781|14渝质02|14YZ02|19</PY>
<PY>103782|14遵国质|14ZGZ|19</PY>
<PY>103783|14绍袍质|14SPZ|19</PY>
<PY>103785|14青州质|14QZZ|19</PY>
<PY>103786|14苏海质|14SHZ|19</PY>
<PY>103787|14荣经质|14RJZ|19</PY>
<PY>103790|14陶都质|14TDZ|19</PY>
<PY>103791|14孝城质|14XCZ|19</PY>
<PY>103792|14桓台质|14HTZ|19</PY>
<PY>103793|14合质01|14HZ01|19</PY>
<PY>103794|14合质02|14HZ02|19</PY>
<PY>103795|14渝惠质|14YHZ|19</PY>
<PY>103796|14襄高质|14XGZ|19</PY>
<PY>103797|14十二质|14SEZ|19</PY>
<PY>103799|14京鑫质|14JXZ|19</PY>
<PY>103800|14金城质|14JCZ|19</PY>
<PY>103801|14恩城质|14ECZ|19</PY>
<PY>103802|14保山质|14BSZ|19</PY>
<PY>103803|14津宁质|14JNZ|19</PY>
<PY>103804|14津南质|14JNZ|19</PY>
<PY>103805|14穗质02|14SZ02|19</PY>
<PY>103807|14金国质|14JGZ|19</PY>
<PY>103808|14唐丰质|14TFZ|19</PY>
<PY>103809|14龙国质|14LGZ|19</PY>
<PY>103810|14一师质|14YSZ|19</PY>
<PY>103811|14滇投质|14DTZ|19</PY>
<PY>103812|14长质02|14CZ02|19</PY>
<PY>103812|14长质02|14ZZ02|19</PY>
<PY>103814|14郑投质|14ZTZ|19</PY>
<PY>103815|14瑞质02|14RZ02|19</PY>
<PY>103816|14顺德质|14SDZ|19</PY>
<PY>103817|14北国质|14BGZ|19</PY>
</Record>
</PyjcResult>
<PyjcResult><Record Market="32()" Name="深圳证券交易所">
<PY>399001|深证成指|SZCZ|32</PY>
<PY>399002|成份Ａ指|CFAZ|32</PY>
<PY>399003|成份Ｂ指|CFBZ|32</PY>
<PY>399004|深证100R|SZ100R|32</PY>
<PY>399005|中小板指|ZXBZ|32</PY>
<PY>399006|创业板指|CYBZ|32</PY>
<PY>399007|深证300|SZ300|32</PY>
<PY>399008|中小300|ZX300|32</PY>
<PY>399009|深证200|SZ200|32</PY>
<PY>399010|深证700|SZ700|32</PY>
<PY>399011|深证1000|SZ1000|32</PY>
<PY>399012|创业300|CY300|32</PY>
<PY>399013|深市精选|SSJX|32</PY>
<PY>399100|新&#032;指&#032;数|XZS|32</PY>
<PY>399101|中小板综|ZXBZ|32</PY>
<PY>399102|创业板综|CYBZ|32</PY>
<PY>399103|乐富指数|LFZS|32</PY>
<PY>399103|乐富指数|YFZS|32</PY>
<PY>399106|深证综指|SZZZ|32</PY>
<PY>399107|深证Ａ指|SZAZ|32</PY>
<PY>399108|深证Ｂ指|SZBZ|32</PY>
<PY>399231|农林指数|NLZS|32</PY>
<PY>399232|采矿指数|CKZS|32</PY>
<PY>399233|制造指数|ZZZS|32</PY>
<PY>399234|水电指数|SDZS|32</PY>
<PY>399235|建筑指数|JZZS|32</PY>
<PY>399236|批零指数|PLZS|32</PY>
<PY>399237|运输指数|YSZS|32</PY>
<PY>399238|餐饮指数|CYZS|32</PY>
<PY>399239|IT指数|ITZS|32</PY>
<PY>399240|金融指数|JRZS|32</PY>
<PY>399241|地产指数|DCZS|32</PY>
<PY>399242|商务指数|SWZS|32</PY>
<PY>399243|科研指数|KYZS|32</PY>
<PY>399244|公共指数|GGZS|32</PY>
<PY>399248|文化指数|WHZS|32</PY>
<PY>399249|综企指数|ZQZS|32</PY>
<PY>399298|深信中高|SXZG|32</PY>
<PY>399299|深信中低|SXZD|32</PY>
<PY>399300|沪深300|HS300|32</PY>
<PY>399301|深信用债|SXYZ|32</PY>
<PY>399302|深公司债|SGSZ|32</PY>
<PY>399303|国证小盘|GZXP|32</PY>
<PY>399305|基金指数|JJZS|32</PY>
<PY>399306|深证ETF|SZETF|32</PY>
<PY>399307|深证转债|SZZZ|32</PY>
<PY>399310|巨潮50|JC50|32</PY>
<PY>399311|巨潮1000|JC1000|32</PY>
<PY>399312|巨潮300|JC300|32</PY>
<PY>399313|巨潮100|JC100|32</PY>
<PY>399314|巨潮大盘|JCDP|32</PY>
<PY>399315|巨潮中盘|JCZP|32</PY>
<PY>399316|巨潮小盘|JCXP|32</PY>
<PY>399317|巨潮Ａ指|JCAZ|32</PY>
<PY>399318|巨潮Ｂ指|JCBZ|32</PY>
<PY>399319|资源优势|ZYYS|32</PY>
<PY>399320|巨潮服务|JCFW|32</PY>
<PY>399321|巨潮红利|JCHL|32</PY>
<PY>399322|巨潮治理|JCZL|32</PY>
<PY>399324|深证红利|SZHL|32</PY>
<PY>399326|成长40|CC40|32</PY>
<PY>399326|成长40|CZ40|32</PY>
<PY>399328|深证治理|SZZL|32</PY>
<PY>399330|深证100|SZ100|32</PY>
<PY>399332|深证创新|SZCX|32</PY>
<PY>399333|中小板R|ZXBR|32</PY>
<PY>399335|深证央企|SZYQ|32</PY>
<PY>399337|深证民营|SZMY|32</PY>
<PY>399339|深证科技|SZKJ|32</PY>
<PY>399341|深证责任|SZZR|32</PY>
<PY>399344|深证300R|SZ300R|32</PY>
<PY>399346|深证成长|SZCC|32</PY>
<PY>399346|深证成长|SZCZ|32</PY>
<PY>399348|深证价值|SZJZ|32</PY>
<PY>399350|皖江30|WJ30|32</PY>
<PY>399351|深报指数|SBZS|32</PY>
<PY>399352|深报综指|SBZZ|32</PY>
<PY>399353|巨潮物流|JCWL|32</PY>
<PY>399355|长三角|CSJ|32</PY>
<PY>399355|长三角|ZSJ|32</PY>
<PY>399356|珠三角|ZSJ|32</PY>
<PY>399357|环渤海|HBH|32</PY>
<PY>399358|泰达指数|TDZS|32</PY>
<PY>399359|巨潮基建|JCJJ|32</PY>
<PY>399360|巨潮装备|JCZB|32</PY>
<PY>399361|巨潮商业|JCSY|32</PY>
<PY>399362|巨潮民营|JCMY|32</PY>
<PY>399363|巨潮科技|JCKJ|32</PY>
<PY>399364|中金消费|ZJXF|32</PY>
<PY>399365|巨潮农业|JCNY|32</PY>
<PY>399366|巨潮大宗|JCDZ|32</PY>
<PY>399367|巨潮地产|JCDC|32</PY>
<PY>399368|航天军工|HTJG|32</PY>
<PY>399369|CBN-兴全|CBNXQ|32</PY>
<PY>399370|巨潮成长|JCCC|32</PY>
<PY>399370|巨潮成长|JCCZ|32</PY>
<PY>399371|巨潮价值|JCJZ|32</PY>
<PY>399372|大盘成长|DPCC|32</PY>
<PY>399372|大盘成长|DPCZ|32</PY>
<PY>399373|大盘价值|DPJZ|32</PY>
<PY>399374|中盘成长|ZPCC|32</PY>
<PY>399374|中盘成长|ZPCZ|32</PY>
<PY>399375|中盘价值|ZPJZ|32</PY>
<PY>399376|小盘成长|XPCC|32</PY>
<PY>399376|小盘成长|XPCZ|32</PY>
<PY>399377|小盘价值|XPJZ|32</PY>
<PY>399378|南方低碳|NFDT|32</PY>
<PY>399379|巨潮基金|JCJJ|32</PY>
<PY>399380|巨潮ETF|JCETF|32</PY>
<PY>399381|1000能源|1000NY|32</PY>
<PY>399382|1000材料|1000CL|32</PY>
<PY>399383|1000工业|1000GY|32</PY>
<PY>399384|1000可选|1000KX|32</PY>
<PY>399385|1000消费|1000XF|32</PY>
<PY>399386|1000医药|1000YY|32</PY>
<PY>399387|1000金融|1000JR|32</PY>
<PY>399388|1000信息|1000XX|32</PY>
<PY>399389|1000电信|1000DX|32</PY>
<PY>399390|1000公用|1000GY|32</PY>
<PY>399391|投资时钟|TZSZ|32</PY>
<PY>399392|国证新兴|GZXX|32</PY>
<PY>399393|国证地产|GZDC|32</PY>
<PY>399394|国证医药|GZYY|32</PY>
<PY>399395|国证有色|GZYS|32</PY>
<PY>399396|国证食品|GZSP|32</PY>
<PY>399397|OCT文化|OCTWH|32</PY>
<PY>399398|绩效指数|JXZS|32</PY>
<PY>399399|中经GDP|ZJGDP|32</PY>
<PY>399400|大中盘|DZP|32</PY>
<PY>399401|中小盘|ZXP|32</PY>
<PY>399402|周期100|ZQ100|32</PY>
<PY>399403|防御100|FY100|32</PY>
<PY>399404|大盘低波|DPDB|32</PY>
<PY>399405|大盘高贝|DPGB|32</PY>
<PY>399406|中盘低波|ZPDB|32</PY>
<PY>399407|中盘高贝|ZPGB|32</PY>
<PY>399408|小盘低波|XPDB|32</PY>
<PY>399409|小盘高贝|XPGB|32</PY>
<PY>399410|苏州率先|SZLX|32</PY>
<PY>399411|红利100|HL100|32</PY>
<PY>399412|国证新能|GZXN|32</PY>
<PY>399413|国证转债|GZZZ|32</PY>
<PY>399415|I100|I100|32</PY>
<PY>399416|I300|I300|32</PY>
<PY>399417|新能源车|XNYC|32</PY>
<PY>399418|国证国安|GZGA|32</PY>
<PY>399481|企债指数|QZZS|32</PY>
<PY>399550|央视50|YS50|32</PY>
<PY>399551|央视创新|YSCX|32</PY>
<PY>399552|央视成长|YSCC|32</PY>
<PY>399552|央视成长|YSCZ|32</PY>
<PY>399553|央视回报|YSHB|32</PY>
<PY>399554|央视治理|YSZL|32</PY>
<PY>399555|央视责任|YSZR|32</PY>
<PY>399556|央视生态|YSST|32</PY>
<PY>399557|央视文化|YSWH|32</PY>
<PY>399602|中小成长|ZXCC|32</PY>
</Record>
</PyjcResult>
</Result>
